{
  "timestamp": "2025-04-21T03:17:22.456Z",
  "cardId": "MS-BINGO-25042125-A1",
  "card": [
    [0, 11, 0, 33, 42, 0, 66, 0, 81],
    [7, 0, 25, 39, 0, 59, 0, 79, 0],
    [9, 15, 0, 0, 44, 57, 63, 0, 85]
  ],
  "formattedCard": "+-----+-----+-----+-----+-----+-----+-----+-----+-----+\n|     |   11|     |   33|   42|     |   66|     |   81|\n+-----+-----+-----+-----+-----+-----+-----+-----+-----+\n|    7|     |   25|   39|     |   59|     |   79|     |\n+-----+-----+-----+-----+-----+-----+-----+-----+-----+\n|    9|   15|     |     |   44|   57|   63|     |   85|\n+-----+-----+-----+-----+-----+-----+-----+-----+-----+",
  "validation": {
    "isValid": true,
    "rowCount": [5, 5, 5],
    "distribution": {
      "col1": [7, 9],
      "col2": [11, 15],
      "col3": [25],
      "col4": [33, 39],
      "col5": [42, 44],
      "col6": [57, 59],
      "col7": [63, 66],
      "col8": [79],
      "col9": [81, 85]
    },
    "generationLogs": [
      // Logs de génération de la colonne 1
      "2025-04-21T03:17:14.123Z : 3 (range 1-9)",
      "2025-04-21T03:17:14.145Z : 7 (range 1-9)",
      "2025-04-21T03:17:14.167Z : 9 (range 1-9)",
      // Logs de génération de la colonne 2
      "2025-04-21T03:17:14.189Z : 11 (range 10-19)",
      "2025-04-21T03:17:14.211Z : 15 (range 10-19)",
      "2025-04-21T03:17:14.233Z : 19 (range 10-19)",
      // Autres logs de génération des colonnes...
      // Logs de suppression pour ligne 1
      "2025-04-21T03:17:15.567Z : 2 (range 0-8)",
      "2025-04-21T03:17:15.589Z : 5 (range 0-7)",
      "2025-04-21T03:17:15.611Z : 0 (range 0-6)",
      "2025-04-21T03:17:15.633Z : 7 (range 0-5)"
    ]
  }
}